{
  "Name": "aalto_conv_rev",
  "Version": "1.0.0",
  "Factory Info": {
    "Vendor": "Modern Real-Time Audio",
    "URL": "www.ModernRealTimeAudio.com",
    "E-Mail": "",
    "Flags": {
      "Unicode": true,
      "Classes Discardable": false,
      "Component Non Discardable": false,
    },
  },
  "Classes": [
    {
      "CID": "ABCDEF01C0DEF00D4D727461466C6772",
      "Category": "Plugin Compatibility Class",
      "Name": "aalto_conv_rev",
      "Vendor": "Modern Real-Time Audio",
      "Version": "1.0.0",
      "SDKVersion": "VST 3.7.8",
      "Class Flags": 0,
      "Cardinality": 2147483647,
      "Snapshots": [
      ],
    },
    {
      "CID": "ABCDEF019182FAEB4D727461466C6772",
      "Category": "Audio Module Class",
      "Name": "aalto_conv_rev",
      "Vendor": "Modern Real-Time Audio",
      "Version": "1.0.0",
      "SDKVersion": "VST 3.7.8",
      "Sub Categories": [
        "Fx",
      ],
      "Class Flags": 0,
      "Cardinality": 2147483647,
      "Snapshots": [
      ],
    },
    {
      "CID": "ABCDEF011234ABCD4D727461466C6772",
      "Category": "Component Controller Class",
      "Name": "aalto_conv_rev",
      "Vendor": "Modern Real-Time Audio",
      "Version": "1.0.0",
      "SDKVersion": "VST 3.7.8",
      "Sub Categories": [
        "Fx",
      ],
      "Class Flags": 0,
      "Cardinality": 2147483647,
      "Snapshots": [
      ],
    },
  ],
}